created_utc,subreddit,author,domain,url,num_comments,score,ups,downs,title,selftext,saved,id,from_kind,gilded,from,stickied,retrieved_on,over_18,thumbnail,subreddit_id,hide_score,link_flair_css_class,author_flair_css_class,archived,is_self,from_id,permalink,name,author_flair_text,quarantine,link_flair_text,distinguished
1451536062,battleshops,tonypham003,i.imgur.com,http://i.imgur.com/CcbyPjG.jpg,0,0,0,0,Canadian Maple Outfitters,,false,3yvgc8,,0,,false,1454963596,false,http://b.thumbs.redditmedia.com/QfP2SN35WvPZU_lpPqmq5nTi1thiYlgdZrwRmsZNOkQ.jpg,t5_2ur6j,false,,,false,false,,/r/battleshops/comments/3yvgc8/canadian_maple_outfitters/,t3_3yvgc8,,false,,
1451539206,battleshops,tennistargaryen,i.imgur.com,http://i.imgur.com/EWBwmY7.jpg,0,22,22,0,"His Grace, King Joffrey",,false,3yvmap,,0,,false,1454963674,false,http://a.thumbs.redditmedia.com/2LRtZGhOXC9yJf1G6VvlCTzMOxj9SNCiA2nFo_gSBN8.jpg,t5_2ur6j,false,,,false,false,,/r/battleshops/comments/3yvmap/his_grace_king_joffrey/,t3_3yvmap,,false,,
1451539869,battleshops,tennistargaryen,i.imgur.com,http://i.imgur.com/AlnlyzO.png,1,8,8,0,The brave King Joffrey...,,false,3yvnjl,,0,,false,1454963690,false,http://a.thumbs.redditmedia.com/xWUSxaGSqziLztfg2IU4H7tVOrGawqSukFLw0jUs-44.jpg,t5_2ur6j,false,,,false,false,,/r/battleshops/comments/3yvnjl/the_brave_king_joffrey/,t3_3yvnjl,,false,,
1451546332,battleshops,MRJAMES77,m.imgur.com,http://m.imgur.com/a/vxwZV,1,1,1,0,Daisy &amp; John At Star Wars Premier Photoshops,,false,3yvyek,,0,,false,1454963830,false,http://b.thumbs.redditmedia.com/jLWNNPCciq92wHm61IQN1DlfXEhMa4dWZwhiWPUR5hU.jpg,t5_2ur6j,false,,,false,false,,/r/battleshops/comments/3yvyek/daisy_john_at_star_wars_premier_photoshops/,t3_3yvyek,,false,,
1451590627,battleshops,MRJAMES77,i.imgur.com,http://i.imgur.com/VY3JBxP.png,1,7,7,0,Made this poster for 2016,,false,3yy05h,,0,,false,1454964786,false,http://b.thumbs.redditmedia.com/R6MyuibXMkbi68JNx4KkVlAiDrHoEFOtu4ns18PyQaQ.jpg,t5_2ur6j,false,,,false,false,,/r/battleshops/comments/3yy05h/made_this_poster_for_2016/,t3_3yy05h,,false,,
1450329874,battleshops,lolcat34313,i.imgur.com,http://i.imgur.com/4YNnIcn.jpg?1,0,13,13,0,Mlg obama,,false,3x6fqc,,0,,false,1454934625,false,http://b.thumbs.redditmedia.com/iwLfE9z2BPxexHC1wzSu9PV8ZudANoTyCWaQyPg9AZQ.jpg,t5_2ur6j,false,,,false,false,,/r/battleshops/comments/3x6fqc/mlg_obama/,t3_3x6fqc,,false,,
1450372933,battleshops,Tasty_lake,imgur.com,http://imgur.com/kzg2DAF,3,16,16,0,A can of beer kicking Ernest Hemingway,,false,3x8irw,,0,,false,1454935597,false,http://b.thumbs.redditmedia.com/ULxzpxJnepYDWHo-FMeWLNcVxHrDhVQ6dv5b9rWCEeA.jpg,t5_2ur6j,false,,,false,false,,/r/battleshops/comments/3x8irw/a_can_of_beer_kicking_ernest_hemingway/,t3_3x8irw,,false,,
1449883212,battleshops,[deleted],i.imgur.com,https://i.imgur.com/s1cqW82.jpg,1,1,1,0,I made a new morpheus cat!,[deleted],false,3wgfvi,,0,,false,1454922215,false,default,t5_2ur6j,false,,,false,false,,/r/battleshops/comments/3wgfvi/i_made_a_new_morpheus_cat/,t3_3wgfvi,,false,,
1449898806,battleshops,Silver_wolf24,imgur.com,http://imgur.com/X4Q0R8z,0,15,15,0,Snowy mountains. (and a portal [I think]).,,false,3whbra,,0,,false,1454922699,false,http://b.thumbs.redditmedia.com/NYm-kr-1_cWVLowY9PO5CACCIon-YFRbo1IqmAQZsrg.jpg,t5_2ur6j,false,,,false,false,,/r/battleshops/comments/3whbra/snowy_mountains_and_a_portal_i_think/,t3_3whbra,,false,,
1451076418,battleshops,DaSnaiper,i.imgur.com,http://i.imgur.com/KgDjKHu.png,1,8,8,0,"BB-8, NO!!",,false,3y7ptw,,0,,false,1454952374,false,http://a.thumbs.redditmedia.com/vVTyEEcXhzWD1iKzE7AkkyXeVIWUSxYtiOuY5GlJhQ0.jpg,t5_2ur6j,false,,,false,false,,/r/battleshops/comments/3y7ptw/bb8_no/,t3_3y7ptw,,false,,
1449014566,battleshops,Shotophopper82,shotophopper82.imgur.com,http://shotophopper82.imgur.com/all/,2,1,1,0,Conan the Axeman,,false,3v2kp4,,0,,false,1454887370,false,default,t5_2ur6j,false,,,false,false,,/r/battleshops/comments/3v2kp4/conan_the_axeman/,t3_3v2kp4,,false,,
1451425485,battleshops,[deleted],imgur.com,http://imgur.com/k1sKsXd,3,0,0,0,Channing Tatum and Paul Walker as angels,[deleted],false,3ypby6,,0,,false,1454960670,false,default,t5_2ur6j,false,,,false,false,,/r/battleshops/comments/3ypby6/channing_tatum_and_paul_walker_as_angels/,t3_3ypby6,,false,,
1449857208,battleshops,vampyregamer,imgur.com,http://imgur.com/a/YGDka,0,2,2,0,Shia-Ball Z,,false,3wem10,,0,,false,1454921362,false,http://b.thumbs.redditmedia.com/PcY2_NCxrS3848PIKWwNALAh7o2h7RKqnq8vS84HaqM.jpg,t5_2ur6j,false,,,false,false,,/r/battleshops/comments/3wem10/shiaball_z/,t3_3wem10,,false,,
1451316210,battleshops,ProfVanderjuice,i.imgur.com,http://i.imgur.com/Fi7sqU0.jpg,1,14,14,0,Pat Sajak Saves the World,,false,3yj4lc,,0,,false,1454957705,false,http://b.thumbs.redditmedia.com/_L1UkR6PTV3SLbcRYiIXCz71oE9ehnNTyI1aqLnaX3k.jpg,t5_2ur6j,false,,,false,false,,/r/battleshops/comments/3yj4lc/pat_sajak_saves_the_world/,t3_3yj4lc,,false,,
1451335244,battleshops,[deleted],i.imgur.com,http://i.imgur.com/9pu8XzJ.png,0,12,12,0,The seal was self conscious so he hired a professional photographer and used the Janitor's Mop for a wig as the rest got wet.,[deleted],false,3ykdr0,,0,,false,1454958291,true,nsfw,t5_2ur6j,false,,,false,false,,/r/battleshops/comments/3ykdr0/the_seal_was_self_conscious_so_he_hired_a/,t3_3ykdr0,,false,,
1451344752,battleshops,DankLiam007,i.imgur.com,http://i.imgur.com/4RgxFU8.png,0,0,0,0,When you're with bae but THE SQUAD IS ON POINT!,,false,3ykzs6,,0,,false,1454958576,false,http://a.thumbs.redditmedia.com/LF98YIcrkdf8DMtth65v9uwgUI9G0VUblQYAikNeea8.jpg,t5_2ur6j,false,,,false,false,,/r/battleshops/comments/3ykzs6/when_youre_with_bae_but_the_squad_is_on_point/,t3_3ykzs6,,false,,
1449139744,battleshops,circusstrongman,i.imgur.com,http://i.imgur.com/8GtWYDw.jpg,0,28,28,0,Post-KFC aftercare.,,false,3v9mi6,,0,,false,1454890729,false,http://b.thumbs.redditmedia.com/g49h3giXwokA-9Sl9kTXPaJTnNKjdb0NEzG-mmw1Lvo.jpg,t5_2ur6j,false,,,false,false,,/r/battleshops/comments/3v9mi6/postkfc_aftercare/,t3_3v9mi6,,false,,
1449168096,battleshops,petrusaz,i.imgur.com,http://i.imgur.com/GNQ3IgA.jpg,2,9,9,0,Advent Calendar - count down to heart failure,,false,3vb7yd,,0,,false,1454891474,false,http://a.thumbs.redditmedia.com/ngTxKeYM4ZYOHt6C5NR8DIgKxWybDgs4MkheJWvp9n8.jpg,t5_2ur6j,false,,,false,false,,/r/battleshops/comments/3vb7yd/advent_calendar_count_down_to_heart_failure/,t3_3vb7yd,,false,,
1449189553,battleshops,sgttris,imgur.com,http://imgur.com/3PcXCPP,0,6,6,0,"Made this for my Mythology class, It's a cover page on my essay about the Iliad!",,false,3vcp20,,0,,false,1454892162,false,http://a.thumbs.redditmedia.com/sFC7lOO1VmFbM2rqOr3gjZPvsJRjCoYPvrJF3l8vJH4.jpg,t5_2ur6j,false,,,false,false,,/r/battleshops/comments/3vcp20/made_this_for_my_mythology_class_its_a_cover_page/,t3_3vcp20,,false,,
1451247184,battleshops,[deleted],i.imgur.com,http://i.imgur.com/1OPo3e4.jpg,0,43,43,0,"Donald Trump as a sith lord - ""Make The Empire Great Again""",[deleted],false,3yfk2n,,0,,false,1454956040,false,default,t5_2ur6j,false,,,false,false,,/r/battleshops/comments/3yfk2n/donald_trump_as_a_sith_lord_make_the_empire_great/,t3_3yfk2n,,false,,
1450239684,battleshops,[deleted],kweitze.tumblr.com,http://kweitze.tumblr.com/image/135296792733,1,1,1,0,Not very Melon-collie,[deleted],false,3x1dd2,,0,,false,1454932191,false,default,t5_2ur6j,false,removed,,false,false,,/r/battleshops/comments/3x1dd2/not_very_meloncollie/,t3_3x1dd2,,false,Removed,
1450240641,battleshops,[deleted],imgur.com,http://imgur.com/bpWczcN,0,2,2,0,What a bunch of melon heads,[deleted],false,3x1fbj,,0,,false,1454932216,false,default,t5_2ur6j,false,,,false,false,,/r/battleshops/comments/3x1fbj/what_a_bunch_of_melon_heads/,t3_3x1fbj,,false,,
1450241244,battleshops,sumptionj,imgur.com,http://imgur.com/c3ndm3K,2,13,13,0,A bunch of melon heads,,false,3x1gh6,,0,,false,1454932231,false,http://a.thumbs.redditmedia.com/-tx5hUIwqqnVHVi3stkiXUbymMpiJyqTJlCgkw5DPs4.jpg,t5_2ur6j,false,,,false,false,,/r/battleshops/comments/3x1gh6/a_bunch_of_melon_heads/,t3_3x1gh6,,false,,
1449643907,battleshops,DeJMan,i.imgur.com,http://i.imgur.com/1kHhH2k.jpg,0,19,19,0,Squirrowl. (Mixing animals),,false,3w1lm1,,0,,false,1454903991,false,http://a.thumbs.redditmedia.com/yhU3eRsWVd46LCIdHwLFo8bztBwdq4hNdR9E_xtljH0.jpg,t5_2ur6j,false,,,false,false,,/r/battleshops/comments/3w1lm1/squirrowl_mixing_animals/,t3_3w1lm1,,false,,
1449644842,battleshops,DeJMan,i.imgur.com,http://i.imgur.com/CCMQ8JR.jpg,0,40,40,0,Lion+Penguin+Dog? (Mixing Animals #2),,false,3w1n2v,,0,,false,1454904010,false,http://b.thumbs.redditmedia.com/Isx84xmxVoWM46RL0ISNljZs_4UYGGoCaNRV2IVXuWY.jpg,t5_2ur6j,false,,,false,false,,/r/battleshops/comments/3w1n2v/lionpenguindog_mixing_animals_2/,t3_3w1n2v,,false,,
1449673690,battleshops,[deleted],i.imgur.com,http://i.imgur.com/L89W5w0.jpg,1,1,1,0,She is the First )),[deleted],false,3w2y8u,,0,,false,1454915851,false,default,t5_2ur6j,false,,,false,false,,/r/battleshops/comments/3w2y8u/she_is_the_first/,t3_3w2y8u,,false,,
1450830183,battleshops,[deleted],imgur.com,https://imgur.com/gallery/mndk8,0,0,0,0,An album of all the Photoshops I've done this week.,[deleted],false,3xwgxu,,0,,false,1454946981,true,nsfw,t5_2ur6j,false,,,false,false,,/r/battleshops/comments/3xwgxu/an_album_of_all_the_photoshops_ive_done_this_week/,t3_3xwgxu,,false,,
1450831825,battleshops,Photoshops4cashPM,imgur.com,https://imgur.com/a/mndk8,14,0,0,0,An album of all the Photoshops I've done this week.,,false,3xwkdb,,0,,false,1454947026,true,nsfw,t5_2ur6j,false,,,false,false,,/r/battleshops/comments/3xwkdb/an_album_of_all_the_photoshops_ive_done_this_week/,t3_3xwkdb,,false,,
